period,arrival_rate
6AM-7AM,2.36666666666667
7AM-8AM,2.8
8AM-9AM,8.83333333333333
9AM-10AM,10.4333333333333
10AM-11AM,14.8
11AM-12PM,26.2666666666667
12PM-1PM,31.4
1PM-2PM,18.0666666666667
2PM-3PM,16.4666666666667
3PM-4PM,12.0333333333333
4PM-5PM,11.6
5PM-6PM,28.8666666666667
6PM-7PM,18.0333333333333
7PM-8PM,11.5
8PM-9PM,5.3
9PM-10PM,4.06666666666667
10PM-11PM,2.2
11PM-12AM,2.1
